brownj = Jeff Brown <jeff@jeffandbetsy.net>
graeme = Graeme Rocher <graeme.rocher@gmail.com>
marcpalmer = Marc Palmer <marc@anyware.co.uk>
pledbrook = Peter Ledbrook <peter@cacoethes.co.uk>
burtbeckwith = Burt Beckwith <burt@burtbeckwith.com>
maurice = maurice <maurice>
rhyolight = Matthew Taylor <rhyolight@gmail.com>
davejcherry = Dave Cherry <davejcherry@dev.java.net>
scottburch = Scott Burch <scott@bulldoginfo.com>
cazacugmihai = Mihai Cazacu <cazacugmihai@gmail.com>
domurtag = Donal Murtagh <domurtag@mailinator.com>
mstine = Matt Stine <matt.stine@gmail.com>
houbie = Ivo Houbrechts <ivo@houbrechts-it.be>
russmiles = Russ Miles <russmiles>
